Title,Price,Rating,Colors,Size,Gender,timestamp
T-shirt 2,1634400.0,3.9,3,M,Women,2025-05-18T09:56:17.831634
Hoodie 3,7950080.0,4.8,3,L,Unisex,2025-05-18T09:56:17.831634
Pants 4,7476960.0,3.3,3,XL,Men,2025-05-18T09:56:17.831634
Outerwear 5,5145440.0,3.5,3,XXL,Women,2025-05-18T09:56:17.831634
Jacket 6,2453920.0,3.3,3,S,Unisex,2025-05-18T09:56:17.831634
Crewneck 7,6892000.0,4.3,3,M,Men,2025-05-18T09:56:17.831634
T-shirt 8,7802560.0,3.1,3,L,Women,2025-05-18T09:56:17.831634
Hoodie 9,3972160.0,3.2,3,XL,Unisex,2025-05-18T09:56:17.831634
Pants 10,3100160.0,4.2,3,XXL,Men,2025-05-18T09:56:17.831634
Jacket 12,8527840.0,3.9,3,M,Unisex,2025-05-18T09:56:17.831634
Crewneck 13,5447200.0,3.2,3,L,Men,2025-05-18T09:56:17.831634
T-shirt 14,3248800.0,3.8,3,XL,Women,2025-05-18T09:56:17.831634
Hoodie 15,2184160.0,3.6,3,XXL,Unisex,2025-05-18T09:56:17.831634
Outerwear 17,841600.0,3.8,3,M,Women,2025-05-18T09:56:17.831634
Jacket 18,5500000.0,3.8,3,L,Unisex,2025-05-18T09:56:17.831634
Crewneck 19,1308960.0,3.6,3,XL,Men,2025-05-18T09:56:17.831634
T-shirt 20,1325600.0,3.4,3,XXL,Women,2025-05-18T09:56:17.831634
T-shirt 2,1634400.0,3.9,3,M,Women,2025-05-18T09:56:18.057538
Hoodie 3,7950080.0,4.8,3,L,Unisex,2025-05-18T09:56:18.057538
Pants 4,7476960.0,3.3,3,XL,Men,2025-05-18T09:56:18.057538
Outerwear 5,5145440.0,3.5,3,XXL,Women,2025-05-18T09:56:18.057538
Jacket 6,2453920.0,3.3,3,S,Unisex,2025-05-18T09:56:18.057538
Crewneck 7,6892000.0,4.3,3,M,Men,2025-05-18T09:56:18.057538
T-shirt 8,7802560.0,3.1,3,L,Women,2025-05-18T09:56:18.057538
Hoodie 9,3972160.0,3.2,3,XL,Unisex,2025-05-18T09:56:18.057538
Pants 10,3100160.0,4.2,3,XXL,Men,2025-05-18T09:56:18.057538
Jacket 12,8527840.0,3.9,3,M,Unisex,2025-05-18T09:56:18.057538
Crewneck 13,5447200.0,3.2,3,L,Men,2025-05-18T09:56:18.057538
T-shirt 14,3248800.0,3.8,3,XL,Women,2025-05-18T09:56:18.057538
Hoodie 15,2184160.0,3.6,3,XXL,Unisex,2025-05-18T09:56:18.057538
Outerwear 17,841600.0,3.8,3,M,Women,2025-05-18T09:56:18.057538
Jacket 18,5500000.0,3.8,3,L,Unisex,2025-05-18T09:56:18.057538
Crewneck 19,1308960.0,3.6,3,XL,Men,2025-05-18T09:56:18.057538
T-shirt 20,1325600.0,3.4,3,XXL,Women,2025-05-18T09:56:18.057538
T-shirt 2,1634400.0,3.9,3,M,Women,2025-05-18T09:56:18.160900
Hoodie 3,7950080.0,4.8,3,L,Unisex,2025-05-18T09:56:18.160900
Pants 4,7476960.0,3.3,3,XL,Men,2025-05-18T09:56:18.160900
Outerwear 5,5145440.0,3.5,3,XXL,Women,2025-05-18T09:56:18.160900
Jacket 6,2453920.0,3.3,3,S,Unisex,2025-05-18T09:56:18.160900
Crewneck 7,6892000.0,4.3,3,M,Men,2025-05-18T09:56:18.160900
T-shirt 8,7802560.0,3.1,3,L,Women,2025-05-18T09:56:18.160900
Hoodie 9,3972160.0,3.2,3,XL,Unisex,2025-05-18T09:56:18.160900
Pants 10,3100160.0,4.2,3,XXL,Men,2025-05-18T09:56:18.160900
Jacket 12,8527840.0,3.9,3,M,Unisex,2025-05-18T09:56:18.160900
Crewneck 13,5447200.0,3.2,3,L,Men,2025-05-18T09:56:18.160900
T-shirt 14,3248800.0,3.8,3,XL,Women,2025-05-18T09:56:18.160900
Hoodie 15,2184160.0,3.6,3,XXL,Unisex,2025-05-18T09:56:18.160900
Outerwear 17,841600.0,3.8,3,M,Women,2025-05-18T09:56:18.160900
Jacket 18,5500000.0,3.8,3,L,Unisex,2025-05-18T09:56:18.160900
Crewneck 19,1308960.0,3.6,3,XL,Men,2025-05-18T09:56:18.160900
T-shirt 20,1325600.0,3.4,3,XXL,Women,2025-05-18T09:56:18.160900
T-shirt 2,1634400.0,3.9,3,M,Women,2025-05-18T09:56:18.323537
Hoodie 3,7950080.0,4.8,3,L,Unisex,2025-05-18T09:56:18.323537
Pants 4,7476960.0,3.3,3,XL,Men,2025-05-18T09:56:18.323537
Outerwear 5,5145440.0,3.5,3,XXL,Women,2025-05-18T09:56:18.323537
Jacket 6,2453920.0,3.3,3,S,Unisex,2025-05-18T09:56:18.323537
Crewneck 7,6892000.0,4.3,3,M,Men,2025-05-18T09:56:18.323537
T-shirt 8,7802560.0,3.1,3,L,Women,2025-05-18T09:56:18.323537
Hoodie 9,3972160.0,3.2,3,XL,Unisex,2025-05-18T09:56:18.323537
Pants 10,3100160.0,4.2,3,XXL,Men,2025-05-18T09:56:18.323537
Jacket 12,8527840.0,3.9,3,M,Unisex,2025-05-18T09:56:18.323537
Crewneck 13,5447200.0,3.2,3,L,Men,2025-05-18T09:56:18.323537
T-shirt 14,3248800.0,3.8,3,XL,Women,2025-05-18T09:56:18.323537
Hoodie 15,2184160.0,3.6,3,XXL,Unisex,2025-05-18T09:56:18.323537
Outerwear 17,841600.0,3.8,3,M,Women,2025-05-18T09:56:18.323537
Jacket 18,5500000.0,3.8,3,L,Unisex,2025-05-18T09:56:18.323537
Crewneck 19,1308960.0,3.6,3,XL,Men,2025-05-18T09:56:18.323537
T-shirt 20,1325600.0,3.4,3,XXL,Women,2025-05-18T09:56:18.323537
T-shirt 2,1634400.0,3.9,3,M,Women,2025-05-18T09:56:18.560338
Hoodie 3,7950080.0,4.8,3,L,Unisex,2025-05-18T09:56:18.560338
Pants 4,7476960.0,3.3,3,XL,Men,2025-05-18T09:56:18.560338
Outerwear 5,5145440.0,3.5,3,XXL,Women,2025-05-18T09:56:18.560338
Jacket 6,2453920.0,3.3,3,S,Unisex,2025-05-18T09:56:18.560338
Crewneck 7,6892000.0,4.3,3,M,Men,2025-05-18T09:56:18.560338
T-shirt 8,7802560.0,3.1,3,L,Women,2025-05-18T09:56:18.560338
Hoodie 9,3972160.0,3.2,3,XL,Unisex,2025-05-18T09:56:18.560338
Pants 10,3100160.0,4.2,3,XXL,Men,2025-05-18T09:56:18.560338
Jacket 12,8527840.0,3.9,3,M,Unisex,2025-05-18T09:56:18.560338
Crewneck 13,5447200.0,3.2,3,L,Men,2025-05-18T09:56:18.560338
T-shirt 14,3248800.0,3.8,3,XL,Women,2025-05-18T09:56:18.560338
Hoodie 15,2184160.0,3.6,3,XXL,Unisex,2025-05-18T09:56:18.560338
Outerwear 17,841600.0,3.8,3,M,Women,2025-05-18T09:56:18.560338
Jacket 18,5500000.0,3.8,3,L,Unisex,2025-05-18T09:56:18.560338
Crewneck 19,1308960.0,3.6,3,XL,Men,2025-05-18T09:56:18.560338
T-shirt 20,1325600.0,3.4,3,XXL,Women,2025-05-18T09:56:18.560338
T-shirt 2,1634400.0,3.9,3,M,Women,2025-05-18T09:56:18.666882
Hoodie 3,7950080.0,4.8,3,L,Unisex,2025-05-18T09:56:18.666882
Pants 4,7476960.0,3.3,3,XL,Men,2025-05-18T09:56:18.666882
Outerwear 5,5145440.0,3.5,3,XXL,Women,2025-05-18T09:56:18.666882
Jacket 6,2453920.0,3.3,3,S,Unisex,2025-05-18T09:56:18.666882
Crewneck 7,6892000.0,4.3,3,M,Men,2025-05-18T09:56:18.666882
T-shirt 8,7802560.0,3.1,3,L,Women,2025-05-18T09:56:18.666882
Hoodie 9,3972160.0,3.2,3,XL,Unisex,2025-05-18T09:56:18.666882
Pants 10,3100160.0,4.2,3,XXL,Men,2025-05-18T09:56:18.666882
Jacket 12,8527840.0,3.9,3,M,Unisex,2025-05-18T09:56:18.666882
Crewneck 13,5447200.0,3.2,3,L,Men,2025-05-18T09:56:18.666882
T-shirt 14,3248800.0,3.8,3,XL,Women,2025-05-18T09:56:18.666882
Hoodie 15,2184160.0,3.6,3,XXL,Unisex,2025-05-18T09:56:18.666882
Outerwear 17,841600.0,3.8,3,M,Women,2025-05-18T09:56:18.666882
Jacket 18,5500000.0,3.8,3,L,Unisex,2025-05-18T09:56:18.666882
Crewneck 19,1308960.0,3.6,3,XL,Men,2025-05-18T09:56:18.666882
T-shirt 20,1325600.0,3.4,3,XXL,Women,2025-05-18T09:56:18.666882
T-shirt 2,1634400.0,3.9,3,M,Women,2025-05-18T09:56:18.792002
Hoodie 3,7950080.0,4.8,3,L,Unisex,2025-05-18T09:56:18.792002
Pants 4,7476960.0,3.3,3,XL,Men,2025-05-18T09:56:18.792002
Outerwear 5,5145440.0,3.5,3,XXL,Women,2025-05-18T09:56:18.792002
Jacket 6,2453920.0,3.3,3,S,Unisex,2025-05-18T09:56:18.792002
Crewneck 7,6892000.0,4.3,3,M,Men,2025-05-18T09:56:18.792002
T-shirt 8,7802560.0,3.1,3,L,Women,2025-05-18T09:56:18.792002
Hoodie 9,3972160.0,3.2,3,XL,Unisex,2025-05-18T09:56:18.792002
Pants 10,3100160.0,4.2,3,XXL,Men,2025-05-18T09:56:18.792002
Jacket 12,8527840.0,3.9,3,M,Unisex,2025-05-18T09:56:18.792002
Crewneck 13,5447200.0,3.2,3,L,Men,2025-05-18T09:56:18.792002
T-shirt 14,3248800.0,3.8,3,XL,Women,2025-05-18T09:56:18.792002
Hoodie 15,2184160.0,3.6,3,XXL,Unisex,2025-05-18T09:56:18.792002
Outerwear 17,841600.0,3.8,3,M,Women,2025-05-18T09:56:18.792002
Jacket 18,5500000.0,3.8,3,L,Unisex,2025-05-18T09:56:18.792002
Crewneck 19,1308960.0,3.6,3,XL,Men,2025-05-18T09:56:18.792002
T-shirt 20,1325600.0,3.4,3,XXL,Women,2025-05-18T09:56:18.792002
T-shirt 2,1634400.0,3.9,3,M,Women,2025-05-18T09:56:18.925126
Hoodie 3,7950080.0,4.8,3,L,Unisex,2025-05-18T09:56:18.925126
Pants 4,7476960.0,3.3,3,XL,Men,2025-05-18T09:56:18.925126
Outerwear 5,5145440.0,3.5,3,XXL,Women,2025-05-18T09:56:18.925126
Jacket 6,2453920.0,3.3,3,S,Unisex,2025-05-18T09:56:18.925126
Crewneck 7,6892000.0,4.3,3,M,Men,2025-05-18T09:56:18.925126
T-shirt 8,7802560.0,3.1,3,L,Women,2025-05-18T09:56:18.925126
Hoodie 9,3972160.0,3.2,3,XL,Unisex,2025-05-18T09:56:18.925126
Pants 10,3100160.0,4.2,3,XXL,Men,2025-05-18T09:56:18.925126
Jacket 12,8527840.0,3.9,3,M,Unisex,2025-05-18T09:56:18.925126
Crewneck 13,5447200.0,3.2,3,L,Men,2025-05-18T09:56:18.925126
T-shirt 14,3248800.0,3.8,3,XL,Women,2025-05-18T09:56:18.925126
Hoodie 15,2184160.0,3.6,3,XXL,Unisex,2025-05-18T09:56:18.925126
Outerwear 17,841600.0,3.8,3,M,Women,2025-05-18T09:56:18.925126
Jacket 18,5500000.0,3.8,3,L,Unisex,2025-05-18T09:56:18.925126
Crewneck 19,1308960.0,3.6,3,XL,Men,2025-05-18T09:56:18.925126
T-shirt 20,1325600.0,3.4,3,XXL,Women,2025-05-18T09:56:18.925126
T-shirt 2,1634400.0,3.9,3,M,Women,2025-05-18T09:56:19.103961
Hoodie 3,7950080.0,4.8,3,L,Unisex,2025-05-18T09:56:19.103961
Pants 4,7476960.0,3.3,3,XL,Men,2025-05-18T09:56:19.103961
Outerwear 5,5145440.0,3.5,3,XXL,Women,2025-05-18T09:56:19.103961
Jacket 6,2453920.0,3.3,3,S,Unisex,2025-05-18T09:56:19.103961
Crewneck 7,6892000.0,4.3,3,M,Men,2025-05-18T09:56:19.103961
T-shirt 8,7802560.0,3.1,3,L,Women,2025-05-18T09:56:19.103961
Hoodie 9,3972160.0,3.2,3,XL,Unisex,2025-05-18T09:56:19.103961
Pants 10,3100160.0,4.2,3,XXL,Men,2025-05-18T09:56:19.103961
Jacket 12,8527840.0,3.9,3,M,Unisex,2025-05-18T09:56:19.103961
Crewneck 13,5447200.0,3.2,3,L,Men,2025-05-18T09:56:19.103961
T-shirt 14,3248800.0,3.8,3,XL,Women,2025-05-18T09:56:19.103961
Hoodie 15,2184160.0,3.6,3,XXL,Unisex,2025-05-18T09:56:19.103961
Outerwear 17,841600.0,3.8,3,M,Women,2025-05-18T09:56:19.103961
Jacket 18,5500000.0,3.8,3,L,Unisex,2025-05-18T09:56:19.103961
Crewneck 19,1308960.0,3.6,3,XL,Men,2025-05-18T09:56:19.103961
T-shirt 20,1325600.0,3.4,3,XXL,Women,2025-05-18T09:56:19.103961
T-shirt 2,1634400.0,3.9,3,M,Women,2025-05-18T09:56:19.224375
Hoodie 3,7950080.0,4.8,3,L,Unisex,2025-05-18T09:56:19.224375
Pants 4,7476960.0,3.3,3,XL,Men,2025-05-18T09:56:19.224375
Outerwear 5,5145440.0,3.5,3,XXL,Women,2025-05-18T09:56:19.224375
Jacket 6,2453920.0,3.3,3,S,Unisex,2025-05-18T09:56:19.224375
Crewneck 7,6892000.0,4.3,3,M,Men,2025-05-18T09:56:19.224375
T-shirt 8,7802560.0,3.1,3,L,Women,2025-05-18T09:56:19.224375
Hoodie 9,3972160.0,3.2,3,XL,Unisex,2025-05-18T09:56:19.224375
Pants 10,3100160.0,4.2,3,XXL,Men,2025-05-18T09:56:19.224375
Jacket 12,8527840.0,3.9,3,M,Unisex,2025-05-18T09:56:19.224375
Crewneck 13,5447200.0,3.2,3,L,Men,2025-05-18T09:56:19.224375
T-shirt 14,3248800.0,3.8,3,XL,Women,2025-05-18T09:56:19.224375
Hoodie 15,2184160.0,3.6,3,XXL,Unisex,2025-05-18T09:56:19.224375
Outerwear 17,841600.0,3.8,3,M,Women,2025-05-18T09:56:19.224375
Jacket 18,5500000.0,3.8,3,L,Unisex,2025-05-18T09:56:19.224375
Crewneck 19,1308960.0,3.6,3,XL,Men,2025-05-18T09:56:19.224375
T-shirt 20,1325600.0,3.4,3,XXL,Women,2025-05-18T09:56:19.224375
T-shirt 2,1634400.0,3.9,3,M,Women,2025-05-18T09:56:19.331573
Hoodie 3,7950080.0,4.8,3,L,Unisex,2025-05-18T09:56:19.331573
Pants 4,7476960.0,3.3,3,XL,Men,2025-05-18T09:56:19.331573
Outerwear 5,5145440.0,3.5,3,XXL,Women,2025-05-18T09:56:19.331573
Jacket 6,2453920.0,3.3,3,S,Unisex,2025-05-18T09:56:19.331573
Crewneck 7,6892000.0,4.3,3,M,Men,2025-05-18T09:56:19.331573
T-shirt 8,7802560.0,3.1,3,L,Women,2025-05-18T09:56:19.331573
Hoodie 9,3972160.0,3.2,3,XL,Unisex,2025-05-18T09:56:19.331573
Pants 10,3100160.0,4.2,3,XXL,Men,2025-05-18T09:56:19.331573
Jacket 12,8527840.0,3.9,3,M,Unisex,2025-05-18T09:56:19.331573
Crewneck 13,5447200.0,3.2,3,L,Men,2025-05-18T09:56:19.331573
T-shirt 14,3248800.0,3.8,3,XL,Women,2025-05-18T09:56:19.331573
Hoodie 15,2184160.0,3.6,3,XXL,Unisex,2025-05-18T09:56:19.331573
Outerwear 17,841600.0,3.8,3,M,Women,2025-05-18T09:56:19.331573
Jacket 18,5500000.0,3.8,3,L,Unisex,2025-05-18T09:56:19.331573
Crewneck 19,1308960.0,3.6,3,XL,Men,2025-05-18T09:56:19.331573
T-shirt 20,1325600.0,3.4,3,XXL,Women,2025-05-18T09:56:19.331573
T-shirt 2,1634400.0,3.9,3,M,Women,2025-05-18T09:56:19.427535
Hoodie 3,7950080.0,4.8,3,L,Unisex,2025-05-18T09:56:19.427535
Pants 4,7476960.0,3.3,3,XL,Men,2025-05-18T09:56:19.427535
Outerwear 5,5145440.0,3.5,3,XXL,Women,2025-05-18T09:56:19.427535
Jacket 6,2453920.0,3.3,3,S,Unisex,2025-05-18T09:56:19.427535
Crewneck 7,6892000.0,4.3,3,M,Men,2025-05-18T09:56:19.427535
T-shirt 8,7802560.0,3.1,3,L,Women,2025-05-18T09:56:19.427535
Hoodie 9,3972160.0,3.2,3,XL,Unisex,2025-05-18T09:56:19.427535
Pants 10,3100160.0,4.2,3,XXL,Men,2025-05-18T09:56:19.427535
Jacket 12,8527840.0,3.9,3,M,Unisex,2025-05-18T09:56:19.427535
Crewneck 13,5447200.0,3.2,3,L,Men,2025-05-18T09:56:19.427535
T-shirt 14,3248800.0,3.8,3,XL,Women,2025-05-18T09:56:19.427535
Hoodie 15,2184160.0,3.6,3,XXL,Unisex,2025-05-18T09:56:19.427535
Outerwear 17,841600.0,3.8,3,M,Women,2025-05-18T09:56:19.427535
Jacket 18,5500000.0,3.8,3,L,Unisex,2025-05-18T09:56:19.427535
Crewneck 19,1308960.0,3.6,3,XL,Men,2025-05-18T09:56:19.427535
T-shirt 20,1325600.0,3.4,3,XXL,Women,2025-05-18T09:56:19.427535
T-shirt 2,1634400.0,3.9,3,M,Women,2025-05-18T09:56:19.569793
Hoodie 3,7950080.0,4.8,3,L,Unisex,2025-05-18T09:56:19.569793
Pants 4,7476960.0,3.3,3,XL,Men,2025-05-18T09:56:19.569793
Outerwear 5,5145440.0,3.5,3,XXL,Women,2025-05-18T09:56:19.569793
Jacket 6,2453920.0,3.3,3,S,Unisex,2025-05-18T09:56:19.569793
Crewneck 7,6892000.0,4.3,3,M,Men,2025-05-18T09:56:19.569793
T-shirt 8,7802560.0,3.1,3,L,Women,2025-05-18T09:56:19.569793
Hoodie 9,3972160.0,3.2,3,XL,Unisex,2025-05-18T09:56:19.569793
Pants 10,3100160.0,4.2,3,XXL,Men,2025-05-18T09:56:19.569793
Jacket 12,8527840.0,3.9,3,M,Unisex,2025-05-18T09:56:19.569793
Crewneck 13,5447200.0,3.2,3,L,Men,2025-05-18T09:56:19.569793
T-shirt 14,3248800.0,3.8,3,XL,Women,2025-05-18T09:56:19.569793
Hoodie 15,2184160.0,3.6,3,XXL,Unisex,2025-05-18T09:56:19.569793
Outerwear 17,841600.0,3.8,3,M,Women,2025-05-18T09:56:19.569793
Jacket 18,5500000.0,3.8,3,L,Unisex,2025-05-18T09:56:19.569793
Crewneck 19,1308960.0,3.6,3,XL,Men,2025-05-18T09:56:19.569793
T-shirt 20,1325600.0,3.4,3,XXL,Women,2025-05-18T09:56:19.569793
T-shirt 2,1634400.0,3.9,3,M,Women,2025-05-18T09:56:19.684409
Hoodie 3,7950080.0,4.8,3,L,Unisex,2025-05-18T09:56:19.684409
Pants 4,7476960.0,3.3,3,XL,Men,2025-05-18T09:56:19.684409
Outerwear 5,5145440.0,3.5,3,XXL,Women,2025-05-18T09:56:19.684409
Jacket 6,2453920.0,3.3,3,S,Unisex,2025-05-18T09:56:19.684409
Crewneck 7,6892000.0,4.3,3,M,Men,2025-05-18T09:56:19.684409
T-shirt 8,7802560.0,3.1,3,L,Women,2025-05-18T09:56:19.684409
Hoodie 9,3972160.0,3.2,3,XL,Unisex,2025-05-18T09:56:19.684409
Pants 10,3100160.0,4.2,3,XXL,Men,2025-05-18T09:56:19.684409
Jacket 12,8527840.0,3.9,3,M,Unisex,2025-05-18T09:56:19.684409
Crewneck 13,5447200.0,3.2,3,L,Men,2025-05-18T09:56:19.684409
T-shirt 14,3248800.0,3.8,3,XL,Women,2025-05-18T09:56:19.684409
Hoodie 15,2184160.0,3.6,3,XXL,Unisex,2025-05-18T09:56:19.684409
Outerwear 17,841600.0,3.8,3,M,Women,2025-05-18T09:56:19.684409
Jacket 18,5500000.0,3.8,3,L,Unisex,2025-05-18T09:56:19.684409
Crewneck 19,1308960.0,3.6,3,XL,Men,2025-05-18T09:56:19.684409
T-shirt 20,1325600.0,3.4,3,XXL,Women,2025-05-18T09:56:19.684409
T-shirt 2,1634400.0,3.9,3,M,Women,2025-05-18T09:56:19.792409
Hoodie 3,7950080.0,4.8,3,L,Unisex,2025-05-18T09:56:19.792409
Pants 4,7476960.0,3.3,3,XL,Men,2025-05-18T09:56:19.792409
Outerwear 5,5145440.0,3.5,3,XXL,Women,2025-05-18T09:56:19.792409
Jacket 6,2453920.0,3.3,3,S,Unisex,2025-05-18T09:56:19.792409
Crewneck 7,6892000.0,4.3,3,M,Men,2025-05-18T09:56:19.792409
T-shirt 8,7802560.0,3.1,3,L,Women,2025-05-18T09:56:19.792409
Hoodie 9,3972160.0,3.2,3,XL,Unisex,2025-05-18T09:56:19.792409
Pants 10,3100160.0,4.2,3,XXL,Men,2025-05-18T09:56:19.792409
Jacket 12,8527840.0,3.9,3,M,Unisex,2025-05-18T09:56:19.792409
Crewneck 13,5447200.0,3.2,3,L,Men,2025-05-18T09:56:19.792409
T-shirt 14,3248800.0,3.8,3,XL,Women,2025-05-18T09:56:19.792409
Hoodie 15,2184160.0,3.6,3,XXL,Unisex,2025-05-18T09:56:19.792409
Outerwear 17,841600.0,3.8,3,M,Women,2025-05-18T09:56:19.792409
Jacket 18,5500000.0,3.8,3,L,Unisex,2025-05-18T09:56:19.792409
Crewneck 19,1308960.0,3.6,3,XL,Men,2025-05-18T09:56:19.792409
T-shirt 20,1325600.0,3.4,3,XXL,Women,2025-05-18T09:56:19.792409
T-shirt 2,1634400.0,3.9,3,M,Women,2025-05-18T09:56:19.910170
Hoodie 3,7950080.0,4.8,3,L,Unisex,2025-05-18T09:56:19.910170
Pants 4,7476960.0,3.3,3,XL,Men,2025-05-18T09:56:19.910170
Outerwear 5,5145440.0,3.5,3,XXL,Women,2025-05-18T09:56:19.910170
Jacket 6,2453920.0,3.3,3,S,Unisex,2025-05-18T09:56:19.910170
Crewneck 7,6892000.0,4.3,3,M,Men,2025-05-18T09:56:19.910170
T-shirt 8,7802560.0,3.1,3,L,Women,2025-05-18T09:56:19.910170
Hoodie 9,3972160.0,3.2,3,XL,Unisex,2025-05-18T09:56:19.910170
Pants 10,3100160.0,4.2,3,XXL,Men,2025-05-18T09:56:19.910170
Jacket 12,8527840.0,3.9,3,M,Unisex,2025-05-18T09:56:19.910170
Crewneck 13,5447200.0,3.2,3,L,Men,2025-05-18T09:56:19.910170
T-shirt 14,3248800.0,3.8,3,XL,Women,2025-05-18T09:56:19.910170
Hoodie 15,2184160.0,3.6,3,XXL,Unisex,2025-05-18T09:56:19.910170
Outerwear 17,841600.0,3.8,3,M,Women,2025-05-18T09:56:19.910170
Jacket 18,5500000.0,3.8,3,L,Unisex,2025-05-18T09:56:19.910170
Crewneck 19,1308960.0,3.6,3,XL,Men,2025-05-18T09:56:19.910170
T-shirt 20,1325600.0,3.4,3,XXL,Women,2025-05-18T09:56:19.910170
T-shirt 2,1634400.0,3.9,3,M,Women,2025-05-18T09:56:20.030886
Hoodie 3,7950080.0,4.8,3,L,Unisex,2025-05-18T09:56:20.030886
Pants 4,7476960.0,3.3,3,XL,Men,2025-05-18T09:56:20.030886
Outerwear 5,5145440.0,3.5,3,XXL,Women,2025-05-18T09:56:20.030886
Jacket 6,2453920.0,3.3,3,S,Unisex,2025-05-18T09:56:20.030886
Crewneck 7,6892000.0,4.3,3,M,Men,2025-05-18T09:56:20.030886
T-shirt 8,7802560.0,3.1,3,L,Women,2025-05-18T09:56:20.030886
Hoodie 9,3972160.0,3.2,3,XL,Unisex,2025-05-18T09:56:20.030886
Pants 10,3100160.0,4.2,3,XXL,Men,2025-05-18T09:56:20.030886
Jacket 12,8527840.0,3.9,3,M,Unisex,2025-05-18T09:56:20.030886
Crewneck 13,5447200.0,3.2,3,L,Men,2025-05-18T09:56:20.030886
T-shirt 14,3248800.0,3.8,3,XL,Women,2025-05-18T09:56:20.030886
Hoodie 15,2184160.0,3.6,3,XXL,Unisex,2025-05-18T09:56:20.030886
Outerwear 17,841600.0,3.8,3,M,Women,2025-05-18T09:56:20.030886
Jacket 18,5500000.0,3.8,3,L,Unisex,2025-05-18T09:56:20.030886
Crewneck 19,1308960.0,3.6,3,XL,Men,2025-05-18T09:56:20.030886
T-shirt 20,1325600.0,3.4,3,XXL,Women,2025-05-18T09:56:20.030886
T-shirt 2,1634400.0,3.9,3,M,Women,2025-05-18T09:56:20.128649
Hoodie 3,7950080.0,4.8,3,L,Unisex,2025-05-18T09:56:20.128649
Pants 4,7476960.0,3.3,3,XL,Men,2025-05-18T09:56:20.128649
Outerwear 5,5145440.0,3.5,3,XXL,Women,2025-05-18T09:56:20.128649
Jacket 6,2453920.0,3.3,3,S,Unisex,2025-05-18T09:56:20.128649
Crewneck 7,6892000.0,4.3,3,M,Men,2025-05-18T09:56:20.128649
T-shirt 8,7802560.0,3.1,3,L,Women,2025-05-18T09:56:20.128649
Hoodie 9,3972160.0,3.2,3,XL,Unisex,2025-05-18T09:56:20.128649
Pants 10,3100160.0,4.2,3,XXL,Men,2025-05-18T09:56:20.128649
Jacket 12,8527840.0,3.9,3,M,Unisex,2025-05-18T09:56:20.128649
Crewneck 13,5447200.0,3.2,3,L,Men,2025-05-18T09:56:20.128649
T-shirt 14,3248800.0,3.8,3,XL,Women,2025-05-18T09:56:20.128649
Hoodie 15,2184160.0,3.6,3,XXL,Unisex,2025-05-18T09:56:20.128649
Outerwear 17,841600.0,3.8,3,M,Women,2025-05-18T09:56:20.128649
Jacket 18,5500000.0,3.8,3,L,Unisex,2025-05-18T09:56:20.128649
Crewneck 19,1308960.0,3.6,3,XL,Men,2025-05-18T09:56:20.128649
T-shirt 20,1325600.0,3.4,3,XXL,Women,2025-05-18T09:56:20.128649
T-shirt 2,1634400.0,3.9,3,M,Women,2025-05-18T09:56:20.224363
Hoodie 3,7950080.0,4.8,3,L,Unisex,2025-05-18T09:56:20.224363
Pants 4,7476960.0,3.3,3,XL,Men,2025-05-18T09:56:20.224363
Outerwear 5,5145440.0,3.5,3,XXL,Women,2025-05-18T09:56:20.224363
Jacket 6,2453920.0,3.3,3,S,Unisex,2025-05-18T09:56:20.224363
Crewneck 7,6892000.0,4.3,3,M,Men,2025-05-18T09:56:20.224363
T-shirt 8,7802560.0,3.1,3,L,Women,2025-05-18T09:56:20.224363
Hoodie 9,3972160.0,3.2,3,XL,Unisex,2025-05-18T09:56:20.224363
Pants 10,3100160.0,4.2,3,XXL,Men,2025-05-18T09:56:20.224363
Jacket 12,8527840.0,3.9,3,M,Unisex,2025-05-18T09:56:20.224363
Crewneck 13,5447200.0,3.2,3,L,Men,2025-05-18T09:56:20.224363
T-shirt 14,3248800.0,3.8,3,XL,Women,2025-05-18T09:56:20.224363
Hoodie 15,2184160.0,3.6,3,XXL,Unisex,2025-05-18T09:56:20.224363
Outerwear 17,841600.0,3.8,3,M,Women,2025-05-18T09:56:20.224363
Jacket 18,5500000.0,3.8,3,L,Unisex,2025-05-18T09:56:20.224363
Crewneck 19,1308960.0,3.6,3,XL,Men,2025-05-18T09:56:20.224363
T-shirt 20,1325600.0,3.4,3,XXL,Women,2025-05-18T09:56:20.224363
T-shirt 2,1634400.0,3.9,3,M,Women,2025-05-18T09:56:20.324671
Hoodie 3,7950080.0,4.8,3,L,Unisex,2025-05-18T09:56:20.324671
Pants 4,7476960.0,3.3,3,XL,Men,2025-05-18T09:56:20.324671
Outerwear 5,5145440.0,3.5,3,XXL,Women,2025-05-18T09:56:20.324671
Jacket 6,2453920.0,3.3,3,S,Unisex,2025-05-18T09:56:20.324671
Crewneck 7,6892000.0,4.3,3,M,Men,2025-05-18T09:56:20.324671
T-shirt 8,7802560.0,3.1,3,L,Women,2025-05-18T09:56:20.324671
Hoodie 9,3972160.0,3.2,3,XL,Unisex,2025-05-18T09:56:20.324671
Pants 10,3100160.0,4.2,3,XXL,Men,2025-05-18T09:56:20.324671
Jacket 12,8527840.0,3.9,3,M,Unisex,2025-05-18T09:56:20.324671
Crewneck 13,5447200.0,3.2,3,L,Men,2025-05-18T09:56:20.324671
T-shirt 14,3248800.0,3.8,3,XL,Women,2025-05-18T09:56:20.324671
Hoodie 15,2184160.0,3.6,3,XXL,Unisex,2025-05-18T09:56:20.324671
Outerwear 17,841600.0,3.8,3,M,Women,2025-05-18T09:56:20.324671
Jacket 18,5500000.0,3.8,3,L,Unisex,2025-05-18T09:56:20.324671
Crewneck 19,1308960.0,3.6,3,XL,Men,2025-05-18T09:56:20.324671
T-shirt 20,1325600.0,3.4,3,XXL,Women,2025-05-18T09:56:20.324671
T-shirt 2,1634400.0,3.9,3,M,Women,2025-05-18T09:56:20.494007
Hoodie 3,7950080.0,4.8,3,L,Unisex,2025-05-18T09:56:20.494007
Pants 4,7476960.0,3.3,3,XL,Men,2025-05-18T09:56:20.494007
Outerwear 5,5145440.0,3.5,3,XXL,Women,2025-05-18T09:56:20.494007
Jacket 6,2453920.0,3.3,3,S,Unisex,2025-05-18T09:56:20.494007
Crewneck 7,6892000.0,4.3,3,M,Men,2025-05-18T09:56:20.494007
T-shirt 8,7802560.0,3.1,3,L,Women,2025-05-18T09:56:20.494007
Hoodie 9,3972160.0,3.2,3,XL,Unisex,2025-05-18T09:56:20.494007
Pants 10,3100160.0,4.2,3,XXL,Men,2025-05-18T09:56:20.494007
Jacket 12,8527840.0,3.9,3,M,Unisex,2025-05-18T09:56:20.494007
Crewneck 13,5447200.0,3.2,3,L,Men,2025-05-18T09:56:20.494007
T-shirt 14,3248800.0,3.8,3,XL,Women,2025-05-18T09:56:20.494007
Hoodie 15,2184160.0,3.6,3,XXL,Unisex,2025-05-18T09:56:20.494007
Outerwear 17,841600.0,3.8,3,M,Women,2025-05-18T09:56:20.494007
Jacket 18,5500000.0,3.8,3,L,Unisex,2025-05-18T09:56:20.494007
Crewneck 19,1308960.0,3.6,3,XL,Men,2025-05-18T09:56:20.494007
T-shirt 20,1325600.0,3.4,3,XXL,Women,2025-05-18T09:56:20.494007
T-shirt 2,1634400.0,3.9,3,M,Women,2025-05-18T09:56:20.627107
Hoodie 3,7950080.0,4.8,3,L,Unisex,2025-05-18T09:56:20.627107
Pants 4,7476960.0,3.3,3,XL,Men,2025-05-18T09:56:20.627107
Outerwear 5,5145440.0,3.5,3,XXL,Women,2025-05-18T09:56:20.627107
Jacket 6,2453920.0,3.3,3,S,Unisex,2025-05-18T09:56:20.627107
Crewneck 7,6892000.0,4.3,3,M,Men,2025-05-18T09:56:20.627107
T-shirt 8,7802560.0,3.1,3,L,Women,2025-05-18T09:56:20.627107
Hoodie 9,3972160.0,3.2,3,XL,Unisex,2025-05-18T09:56:20.627107
Pants 10,3100160.0,4.2,3,XXL,Men,2025-05-18T09:56:20.627107
Jacket 12,8527840.0,3.9,3,M,Unisex,2025-05-18T09:56:20.627107
Crewneck 13,5447200.0,3.2,3,L,Men,2025-05-18T09:56:20.627107
T-shirt 14,3248800.0,3.8,3,XL,Women,2025-05-18T09:56:20.627107
Hoodie 15,2184160.0,3.6,3,XXL,Unisex,2025-05-18T09:56:20.627107
Outerwear 17,841600.0,3.8,3,M,Women,2025-05-18T09:56:20.627107
Jacket 18,5500000.0,3.8,3,L,Unisex,2025-05-18T09:56:20.627107
Crewneck 19,1308960.0,3.6,3,XL,Men,2025-05-18T09:56:20.627107
T-shirt 20,1325600.0,3.4,3,XXL,Women,2025-05-18T09:56:20.627107
T-shirt 2,1634400.0,3.9,3,M,Women,2025-05-18T09:56:20.720879
Hoodie 3,7950080.0,4.8,3,L,Unisex,2025-05-18T09:56:20.720879
Pants 4,7476960.0,3.3,3,XL,Men,2025-05-18T09:56:20.720879
Outerwear 5,5145440.0,3.5,3,XXL,Women,2025-05-18T09:56:20.720879
Jacket 6,2453920.0,3.3,3,S,Unisex,2025-05-18T09:56:20.720879
Crewneck 7,6892000.0,4.3,3,M,Men,2025-05-18T09:56:20.720879
T-shirt 8,7802560.0,3.1,3,L,Women,2025-05-18T09:56:20.720879
Hoodie 9,3972160.0,3.2,3,XL,Unisex,2025-05-18T09:56:20.720879
Pants 10,3100160.0,4.2,3,XXL,Men,2025-05-18T09:56:20.720879
Jacket 12,8527840.0,3.9,3,M,Unisex,2025-05-18T09:56:20.720879
Crewneck 13,5447200.0,3.2,3,L,Men,2025-05-18T09:56:20.720879
T-shirt 14,3248800.0,3.8,3,XL,Women,2025-05-18T09:56:20.720879
Hoodie 15,2184160.0,3.6,3,XXL,Unisex,2025-05-18T09:56:20.720879
Outerwear 17,841600.0,3.8,3,M,Women,2025-05-18T09:56:20.720879
Jacket 18,5500000.0,3.8,3,L,Unisex,2025-05-18T09:56:20.720879
Crewneck 19,1308960.0,3.6,3,XL,Men,2025-05-18T09:56:20.720879
T-shirt 20,1325600.0,3.4,3,XXL,Women,2025-05-18T09:56:20.720879
T-shirt 2,1634400.0,3.9,3,M,Women,2025-05-18T09:56:20.838309
Hoodie 3,7950080.0,4.8,3,L,Unisex,2025-05-18T09:56:20.838309
Pants 4,7476960.0,3.3,3,XL,Men,2025-05-18T09:56:20.838309
Outerwear 5,5145440.0,3.5,3,XXL,Women,2025-05-18T09:56:20.838309
Jacket 6,2453920.0,3.3,3,S,Unisex,2025-05-18T09:56:20.838309
Crewneck 7,6892000.0,4.3,3,M,Men,2025-05-18T09:56:20.838309
T-shirt 8,7802560.0,3.1,3,L,Women,2025-05-18T09:56:20.838309
Hoodie 9,3972160.0,3.2,3,XL,Unisex,2025-05-18T09:56:20.838309
Pants 10,3100160.0,4.2,3,XXL,Men,2025-05-18T09:56:20.838309
Jacket 12,8527840.0,3.9,3,M,Unisex,2025-05-18T09:56:20.838309
Crewneck 13,5447200.0,3.2,3,L,Men,2025-05-18T09:56:20.838309
T-shirt 14,3248800.0,3.8,3,XL,Women,2025-05-18T09:56:20.838309
Hoodie 15,2184160.0,3.6,3,XXL,Unisex,2025-05-18T09:56:20.838309
Outerwear 17,841600.0,3.8,3,M,Women,2025-05-18T09:56:20.838309
Jacket 18,5500000.0,3.8,3,L,Unisex,2025-05-18T09:56:20.838309
Crewneck 19,1308960.0,3.6,3,XL,Men,2025-05-18T09:56:20.838309
T-shirt 20,1325600.0,3.4,3,XXL,Women,2025-05-18T09:56:20.838309
T-shirt 2,1634400.0,3.9,3,M,Women,2025-05-18T09:56:20.936220
Hoodie 3,7950080.0,4.8,3,L,Unisex,2025-05-18T09:56:20.936220
Pants 4,7476960.0,3.3,3,XL,Men,2025-05-18T09:56:20.936220
Outerwear 5,5145440.0,3.5,3,XXL,Women,2025-05-18T09:56:20.936220
Jacket 6,2453920.0,3.3,3,S,Unisex,2025-05-18T09:56:20.936220
Crewneck 7,6892000.0,4.3,3,M,Men,2025-05-18T09:56:20.936220
T-shirt 8,7802560.0,3.1,3,L,Women,2025-05-18T09:56:20.936220
Hoodie 9,3972160.0,3.2,3,XL,Unisex,2025-05-18T09:56:20.936220
Pants 10,3100160.0,4.2,3,XXL,Men,2025-05-18T09:56:20.936220
Jacket 12,8527840.0,3.9,3,M,Unisex,2025-05-18T09:56:20.936220
Crewneck 13,5447200.0,3.2,3,L,Men,2025-05-18T09:56:20.936220
T-shirt 14,3248800.0,3.8,3,XL,Women,2025-05-18T09:56:20.936220
Hoodie 15,2184160.0,3.6,3,XXL,Unisex,2025-05-18T09:56:20.936220
Outerwear 17,841600.0,3.8,3,M,Women,2025-05-18T09:56:20.936220
Jacket 18,5500000.0,3.8,3,L,Unisex,2025-05-18T09:56:20.936220
Crewneck 19,1308960.0,3.6,3,XL,Men,2025-05-18T09:56:20.936220
T-shirt 20,1325600.0,3.4,3,XXL,Women,2025-05-18T09:56:20.936220
T-shirt 2,1634400.0,3.9,3,M,Women,2025-05-18T09:56:21.029650
Hoodie 3,7950080.0,4.8,3,L,Unisex,2025-05-18T09:56:21.029650
Pants 4,7476960.0,3.3,3,XL,Men,2025-05-18T09:56:21.029650
Outerwear 5,5145440.0,3.5,3,XXL,Women,2025-05-18T09:56:21.029650
Jacket 6,2453920.0,3.3,3,S,Unisex,2025-05-18T09:56:21.029650
Crewneck 7,6892000.0,4.3,3,M,Men,2025-05-18T09:56:21.029650
T-shirt 8,7802560.0,3.1,3,L,Women,2025-05-18T09:56:21.029650
Hoodie 9,3972160.0,3.2,3,XL,Unisex,2025-05-18T09:56:21.029650
Pants 10,3100160.0,4.2,3,XXL,Men,2025-05-18T09:56:21.029650
Jacket 12,8527840.0,3.9,3,M,Unisex,2025-05-18T09:56:21.029650
Crewneck 13,5447200.0,3.2,3,L,Men,2025-05-18T09:56:21.029650
T-shirt 14,3248800.0,3.8,3,XL,Women,2025-05-18T09:56:21.029650
Hoodie 15,2184160.0,3.6,3,XXL,Unisex,2025-05-18T09:56:21.029650
Outerwear 17,841600.0,3.8,3,M,Women,2025-05-18T09:56:21.029650
Jacket 18,5500000.0,3.8,3,L,Unisex,2025-05-18T09:56:21.029650
Crewneck 19,1308960.0,3.6,3,XL,Men,2025-05-18T09:56:21.029650
T-shirt 20,1325600.0,3.4,3,XXL,Women,2025-05-18T09:56:21.029650
T-shirt 2,1634400.0,3.9,3,M,Women,2025-05-18T09:56:21.122136
Hoodie 3,7950080.0,4.8,3,L,Unisex,2025-05-18T09:56:21.122136
Pants 4,7476960.0,3.3,3,XL,Men,2025-05-18T09:56:21.122136
Outerwear 5,5145440.0,3.5,3,XXL,Women,2025-05-18T09:56:21.122136
Jacket 6,2453920.0,3.3,3,S,Unisex,2025-05-18T09:56:21.122136
Crewneck 7,6892000.0,4.3,3,M,Men,2025-05-18T09:56:21.122136
T-shirt 8,7802560.0,3.1,3,L,Women,2025-05-18T09:56:21.122136
Hoodie 9,3972160.0,3.2,3,XL,Unisex,2025-05-18T09:56:21.122136
Pants 10,3100160.0,4.2,3,XXL,Men,2025-05-18T09:56:21.122136
Jacket 12,8527840.0,3.9,3,M,Unisex,2025-05-18T09:56:21.122136
Crewneck 13,5447200.0,3.2,3,L,Men,2025-05-18T09:56:21.122136
T-shirt 14,3248800.0,3.8,3,XL,Women,2025-05-18T09:56:21.122136
Hoodie 15,2184160.0,3.6,3,XXL,Unisex,2025-05-18T09:56:21.122136
Outerwear 17,841600.0,3.8,3,M,Women,2025-05-18T09:56:21.122136
Jacket 18,5500000.0,3.8,3,L,Unisex,2025-05-18T09:56:21.122136
Crewneck 19,1308960.0,3.6,3,XL,Men,2025-05-18T09:56:21.122136
T-shirt 20,1325600.0,3.4,3,XXL,Women,2025-05-18T09:56:21.122136
T-shirt 2,1634400.0,3.9,3,M,Women,2025-05-18T09:56:21.255867
Hoodie 3,7950080.0,4.8,3,L,Unisex,2025-05-18T09:56:21.255867
Pants 4,7476960.0,3.3,3,XL,Men,2025-05-18T09:56:21.255867
Outerwear 5,5145440.0,3.5,3,XXL,Women,2025-05-18T09:56:21.255867
Jacket 6,2453920.0,3.3,3,S,Unisex,2025-05-18T09:56:21.255867
Crewneck 7,6892000.0,4.3,3,M,Men,2025-05-18T09:56:21.255867
T-shirt 8,7802560.0,3.1,3,L,Women,2025-05-18T09:56:21.255867
Hoodie 9,3972160.0,3.2,3,XL,Unisex,2025-05-18T09:56:21.255867
Pants 10,3100160.0,4.2,3,XXL,Men,2025-05-18T09:56:21.255867
Jacket 12,8527840.0,3.9,3,M,Unisex,2025-05-18T09:56:21.255867
Crewneck 13,5447200.0,3.2,3,L,Men,2025-05-18T09:56:21.255867
T-shirt 14,3248800.0,3.8,3,XL,Women,2025-05-18T09:56:21.255867
Hoodie 15,2184160.0,3.6,3,XXL,Unisex,2025-05-18T09:56:21.255867
Outerwear 17,841600.0,3.8,3,M,Women,2025-05-18T09:56:21.255867
Jacket 18,5500000.0,3.8,3,L,Unisex,2025-05-18T09:56:21.255867
Crewneck 19,1308960.0,3.6,3,XL,Men,2025-05-18T09:56:21.255867
T-shirt 20,1325600.0,3.4,3,XXL,Women,2025-05-18T09:56:21.255867
T-shirt 2,1634400.0,3.9,3,M,Women,2025-05-18T09:56:21.393798
Hoodie 3,7950080.0,4.8,3,L,Unisex,2025-05-18T09:56:21.393798
Pants 4,7476960.0,3.3,3,XL,Men,2025-05-18T09:56:21.393798
Outerwear 5,5145440.0,3.5,3,XXL,Women,2025-05-18T09:56:21.393798
Jacket 6,2453920.0,3.3,3,S,Unisex,2025-05-18T09:56:21.393798
Crewneck 7,6892000.0,4.3,3,M,Men,2025-05-18T09:56:21.393798
T-shirt 8,7802560.0,3.1,3,L,Women,2025-05-18T09:56:21.393798
Hoodie 9,3972160.0,3.2,3,XL,Unisex,2025-05-18T09:56:21.393798
Pants 10,3100160.0,4.2,3,XXL,Men,2025-05-18T09:56:21.393798
Jacket 12,8527840.0,3.9,3,M,Unisex,2025-05-18T09:56:21.393798
Crewneck 13,5447200.0,3.2,3,L,Men,2025-05-18T09:56:21.393798
T-shirt 14,3248800.0,3.8,3,XL,Women,2025-05-18T09:56:21.393798
Hoodie 15,2184160.0,3.6,3,XXL,Unisex,2025-05-18T09:56:21.393798
Outerwear 17,841600.0,3.8,3,M,Women,2025-05-18T09:56:21.393798
Jacket 18,5500000.0,3.8,3,L,Unisex,2025-05-18T09:56:21.393798
Crewneck 19,1308960.0,3.6,3,XL,Men,2025-05-18T09:56:21.393798
T-shirt 20,1325600.0,3.4,3,XXL,Women,2025-05-18T09:56:21.393798
T-shirt 2,1634400.0,3.9,3,M,Women,2025-05-18T09:56:21.507866
Hoodie 3,7950080.0,4.8,3,L,Unisex,2025-05-18T09:56:21.507866
Pants 4,7476960.0,3.3,3,XL,Men,2025-05-18T09:56:21.507866
Outerwear 5,5145440.0,3.5,3,XXL,Women,2025-05-18T09:56:21.507866
Jacket 6,2453920.0,3.3,3,S,Unisex,2025-05-18T09:56:21.507866
Crewneck 7,6892000.0,4.3,3,M,Men,2025-05-18T09:56:21.507866
T-shirt 8,7802560.0,3.1,3,L,Women,2025-05-18T09:56:21.507866
Hoodie 9,3972160.0,3.2,3,XL,Unisex,2025-05-18T09:56:21.507866
Pants 10,3100160.0,4.2,3,XXL,Men,2025-05-18T09:56:21.507866
Jacket 12,8527840.0,3.9,3,M,Unisex,2025-05-18T09:56:21.507866
Crewneck 13,5447200.0,3.2,3,L,Men,2025-05-18T09:56:21.507866
T-shirt 14,3248800.0,3.8,3,XL,Women,2025-05-18T09:56:21.507866
Hoodie 15,2184160.0,3.6,3,XXL,Unisex,2025-05-18T09:56:21.507866
Outerwear 17,841600.0,3.8,3,M,Women,2025-05-18T09:56:21.507866
Jacket 18,5500000.0,3.8,3,L,Unisex,2025-05-18T09:56:21.507866
Crewneck 19,1308960.0,3.6,3,XL,Men,2025-05-18T09:56:21.507866
T-shirt 20,1325600.0,3.4,3,XXL,Women,2025-05-18T09:56:21.507866
T-shirt 2,1634400.0,3.9,3,M,Women,2025-05-18T09:56:21.634210
Hoodie 3,7950080.0,4.8,3,L,Unisex,2025-05-18T09:56:21.634210
Pants 4,7476960.0,3.3,3,XL,Men,2025-05-18T09:56:21.634210
Outerwear 5,5145440.0,3.5,3,XXL,Women,2025-05-18T09:56:21.634210
Jacket 6,2453920.0,3.3,3,S,Unisex,2025-05-18T09:56:21.634210
Crewneck 7,6892000.0,4.3,3,M,Men,2025-05-18T09:56:21.634210
T-shirt 8,7802560.0,3.1,3,L,Women,2025-05-18T09:56:21.634210
Hoodie 9,3972160.0,3.2,3,XL,Unisex,2025-05-18T09:56:21.634210
Pants 10,3100160.0,4.2,3,XXL,Men,2025-05-18T09:56:21.634210
Jacket 12,8527840.0,3.9,3,M,Unisex,2025-05-18T09:56:21.634210
Crewneck 13,5447200.0,3.2,3,L,Men,2025-05-18T09:56:21.634210
T-shirt 14,3248800.0,3.8,3,XL,Women,2025-05-18T09:56:21.634210
Hoodie 15,2184160.0,3.6,3,XXL,Unisex,2025-05-18T09:56:21.634210
Outerwear 17,841600.0,3.8,3,M,Women,2025-05-18T09:56:21.634210
Jacket 18,5500000.0,3.8,3,L,Unisex,2025-05-18T09:56:21.634210
Crewneck 19,1308960.0,3.6,3,XL,Men,2025-05-18T09:56:21.634210
T-shirt 20,1325600.0,3.4,3,XXL,Women,2025-05-18T09:56:21.634210
T-shirt 2,1634400.0,3.9,3,M,Women,2025-05-18T09:56:21.723038
Hoodie 3,7950080.0,4.8,3,L,Unisex,2025-05-18T09:56:21.723038
Pants 4,7476960.0,3.3,3,XL,Men,2025-05-18T09:56:21.723038
Outerwear 5,5145440.0,3.5,3,XXL,Women,2025-05-18T09:56:21.723038
Jacket 6,2453920.0,3.3,3,S,Unisex,2025-05-18T09:56:21.723038
Crewneck 7,6892000.0,4.3,3,M,Men,2025-05-18T09:56:21.723038
T-shirt 8,7802560.0,3.1,3,L,Women,2025-05-18T09:56:21.723038
Hoodie 9,3972160.0,3.2,3,XL,Unisex,2025-05-18T09:56:21.723038
Pants 10,3100160.0,4.2,3,XXL,Men,2025-05-18T09:56:21.723038
Jacket 12,8527840.0,3.9,3,M,Unisex,2025-05-18T09:56:21.723038
Crewneck 13,5447200.0,3.2,3,L,Men,2025-05-18T09:56:21.723038
T-shirt 14,3248800.0,3.8,3,XL,Women,2025-05-18T09:56:21.723038
Hoodie 15,2184160.0,3.6,3,XXL,Unisex,2025-05-18T09:56:21.723038
Outerwear 17,841600.0,3.8,3,M,Women,2025-05-18T09:56:21.723038
Jacket 18,5500000.0,3.8,3,L,Unisex,2025-05-18T09:56:21.723038
Crewneck 19,1308960.0,3.6,3,XL,Men,2025-05-18T09:56:21.723038
T-shirt 20,1325600.0,3.4,3,XXL,Women,2025-05-18T09:56:21.723038
T-shirt 2,1634400.0,3.9,3,M,Women,2025-05-18T09:56:21.813853
Hoodie 3,7950080.0,4.8,3,L,Unisex,2025-05-18T09:56:21.813853
Pants 4,7476960.0,3.3,3,XL,Men,2025-05-18T09:56:21.813853
Outerwear 5,5145440.0,3.5,3,XXL,Women,2025-05-18T09:56:21.813853
Jacket 6,2453920.0,3.3,3,S,Unisex,2025-05-18T09:56:21.813853
Crewneck 7,6892000.0,4.3,3,M,Men,2025-05-18T09:56:21.813853
T-shirt 8,7802560.0,3.1,3,L,Women,2025-05-18T09:56:21.813853
Hoodie 9,3972160.0,3.2,3,XL,Unisex,2025-05-18T09:56:21.813853
Pants 10,3100160.0,4.2,3,XXL,Men,2025-05-18T09:56:21.813853
Jacket 12,8527840.0,3.9,3,M,Unisex,2025-05-18T09:56:21.813853
Crewneck 13,5447200.0,3.2,3,L,Men,2025-05-18T09:56:21.813853
T-shirt 14,3248800.0,3.8,3,XL,Women,2025-05-18T09:56:21.813853
Hoodie 15,2184160.0,3.6,3,XXL,Unisex,2025-05-18T09:56:21.813853
Outerwear 17,841600.0,3.8,3,M,Women,2025-05-18T09:56:21.813853
Jacket 18,5500000.0,3.8,3,L,Unisex,2025-05-18T09:56:21.813853
Crewneck 19,1308960.0,3.6,3,XL,Men,2025-05-18T09:56:21.813853
T-shirt 20,1325600.0,3.4,3,XXL,Women,2025-05-18T09:56:21.813853
T-shirt 2,1634400.0,3.9,3,M,Women,2025-05-18T09:56:21.966047
Hoodie 3,7950080.0,4.8,3,L,Unisex,2025-05-18T09:56:21.966047
Pants 4,7476960.0,3.3,3,XL,Men,2025-05-18T09:56:21.966047
Outerwear 5,5145440.0,3.5,3,XXL,Women,2025-05-18T09:56:21.966047
Jacket 6,2453920.0,3.3,3,S,Unisex,2025-05-18T09:56:21.966047
Crewneck 7,6892000.0,4.3,3,M,Men,2025-05-18T09:56:21.966047
T-shirt 8,7802560.0,3.1,3,L,Women,2025-05-18T09:56:21.966047
Hoodie 9,3972160.0,3.2,3,XL,Unisex,2025-05-18T09:56:21.966047
Pants 10,3100160.0,4.2,3,XXL,Men,2025-05-18T09:56:21.966047
Jacket 12,8527840.0,3.9,3,M,Unisex,2025-05-18T09:56:21.966047
Crewneck 13,5447200.0,3.2,3,L,Men,2025-05-18T09:56:21.966047
T-shirt 14,3248800.0,3.8,3,XL,Women,2025-05-18T09:56:21.966047
Hoodie 15,2184160.0,3.6,3,XXL,Unisex,2025-05-18T09:56:21.966047
Outerwear 17,841600.0,3.8,3,M,Women,2025-05-18T09:56:21.966047
Jacket 18,5500000.0,3.8,3,L,Unisex,2025-05-18T09:56:21.966047
Crewneck 19,1308960.0,3.6,3,XL,Men,2025-05-18T09:56:21.966047
T-shirt 20,1325600.0,3.4,3,XXL,Women,2025-05-18T09:56:21.966047
T-shirt 2,1634400.0,3.9,3,M,Women,2025-05-18T09:56:22.076975
Hoodie 3,7950080.0,4.8,3,L,Unisex,2025-05-18T09:56:22.076975
Pants 4,7476960.0,3.3,3,XL,Men,2025-05-18T09:56:22.076975
Outerwear 5,5145440.0,3.5,3,XXL,Women,2025-05-18T09:56:22.076975
Jacket 6,2453920.0,3.3,3,S,Unisex,2025-05-18T09:56:22.076975
Crewneck 7,6892000.0,4.3,3,M,Men,2025-05-18T09:56:22.076975
T-shirt 8,7802560.0,3.1,3,L,Women,2025-05-18T09:56:22.076975
Hoodie 9,3972160.0,3.2,3,XL,Unisex,2025-05-18T09:56:22.076975
Pants 10,3100160.0,4.2,3,XXL,Men,2025-05-18T09:56:22.076975
Jacket 12,8527840.0,3.9,3,M,Unisex,2025-05-18T09:56:22.076975
Crewneck 13,5447200.0,3.2,3,L,Men,2025-05-18T09:56:22.076975
T-shirt 14,3248800.0,3.8,3,XL,Women,2025-05-18T09:56:22.076975
Hoodie 15,2184160.0,3.6,3,XXL,Unisex,2025-05-18T09:56:22.076975
Outerwear 17,841600.0,3.8,3,M,Women,2025-05-18T09:56:22.076975
Jacket 18,5500000.0,3.8,3,L,Unisex,2025-05-18T09:56:22.076975
Crewneck 19,1308960.0,3.6,3,XL,Men,2025-05-18T09:56:22.076975
T-shirt 20,1325600.0,3.4,3,XXL,Women,2025-05-18T09:56:22.076975
T-shirt 2,1634400.0,3.9,3,M,Women,2025-05-18T09:56:22.188807
Hoodie 3,7950080.0,4.8,3,L,Unisex,2025-05-18T09:56:22.188807
Pants 4,7476960.0,3.3,3,XL,Men,2025-05-18T09:56:22.188807
Outerwear 5,5145440.0,3.5,3,XXL,Women,2025-05-18T09:56:22.188807
Jacket 6,2453920.0,3.3,3,S,Unisex,2025-05-18T09:56:22.188807
Crewneck 7,6892000.0,4.3,3,M,Men,2025-05-18T09:56:22.188807
T-shirt 8,7802560.0,3.1,3,L,Women,2025-05-18T09:56:22.188807
Hoodie 9,3972160.0,3.2,3,XL,Unisex,2025-05-18T09:56:22.188807
Pants 10,3100160.0,4.2,3,XXL,Men,2025-05-18T09:56:22.188807
Jacket 12,8527840.0,3.9,3,M,Unisex,2025-05-18T09:56:22.188807
Crewneck 13,5447200.0,3.2,3,L,Men,2025-05-18T09:56:22.188807
T-shirt 14,3248800.0,3.8,3,XL,Women,2025-05-18T09:56:22.188807
Hoodie 15,2184160.0,3.6,3,XXL,Unisex,2025-05-18T09:56:22.188807
Outerwear 17,841600.0,3.8,3,M,Women,2025-05-18T09:56:22.188807
Jacket 18,5500000.0,3.8,3,L,Unisex,2025-05-18T09:56:22.188807
Crewneck 19,1308960.0,3.6,3,XL,Men,2025-05-18T09:56:22.188807
T-shirt 20,1325600.0,3.4,3,XXL,Women,2025-05-18T09:56:22.188807
T-shirt 2,1634400.0,3.9,3,M,Women,2025-05-18T09:56:22.288947
Hoodie 3,7950080.0,4.8,3,L,Unisex,2025-05-18T09:56:22.288947
Pants 4,7476960.0,3.3,3,XL,Men,2025-05-18T09:56:22.288947
Outerwear 5,5145440.0,3.5,3,XXL,Women,2025-05-18T09:56:22.288947
Jacket 6,2453920.0,3.3,3,S,Unisex,2025-05-18T09:56:22.288947
Crewneck 7,6892000.0,4.3,3,M,Men,2025-05-18T09:56:22.288947
T-shirt 8,7802560.0,3.1,3,L,Women,2025-05-18T09:56:22.288947
Hoodie 9,3972160.0,3.2,3,XL,Unisex,2025-05-18T09:56:22.288947
Pants 10,3100160.0,4.2,3,XXL,Men,2025-05-18T09:56:22.288947
Jacket 12,8527840.0,3.9,3,M,Unisex,2025-05-18T09:56:22.288947
Crewneck 13,5447200.0,3.2,3,L,Men,2025-05-18T09:56:22.288947
T-shirt 14,3248800.0,3.8,3,XL,Women,2025-05-18T09:56:22.288947
Hoodie 15,2184160.0,3.6,3,XXL,Unisex,2025-05-18T09:56:22.288947
Outerwear 17,841600.0,3.8,3,M,Women,2025-05-18T09:56:22.288947
Jacket 18,5500000.0,3.8,3,L,Unisex,2025-05-18T09:56:22.288947
Crewneck 19,1308960.0,3.6,3,XL,Men,2025-05-18T09:56:22.288947
T-shirt 20,1325600.0,3.4,3,XXL,Women,2025-05-18T09:56:22.288947
T-shirt 2,1634400.0,3.9,3,M,Women,2025-05-18T09:56:22.380761
Hoodie 3,7950080.0,4.8,3,L,Unisex,2025-05-18T09:56:22.380761
Pants 4,7476960.0,3.3,3,XL,Men,2025-05-18T09:56:22.380761
Outerwear 5,5145440.0,3.5,3,XXL,Women,2025-05-18T09:56:22.380761
Jacket 6,2453920.0,3.3,3,S,Unisex,2025-05-18T09:56:22.380761
Crewneck 7,6892000.0,4.3,3,M,Men,2025-05-18T09:56:22.380761
T-shirt 8,7802560.0,3.1,3,L,Women,2025-05-18T09:56:22.380761
Hoodie 9,3972160.0,3.2,3,XL,Unisex,2025-05-18T09:56:22.380761
Pants 10,3100160.0,4.2,3,XXL,Men,2025-05-18T09:56:22.380761
Jacket 12,8527840.0,3.9,3,M,Unisex,2025-05-18T09:56:22.380761
Crewneck 13,5447200.0,3.2,3,L,Men,2025-05-18T09:56:22.380761
T-shirt 14,3248800.0,3.8,3,XL,Women,2025-05-18T09:56:22.380761
Hoodie 15,2184160.0,3.6,3,XXL,Unisex,2025-05-18T09:56:22.380761
Outerwear 17,841600.0,3.8,3,M,Women,2025-05-18T09:56:22.380761
Jacket 18,5500000.0,3.8,3,L,Unisex,2025-05-18T09:56:22.380761
Crewneck 19,1308960.0,3.6,3,XL,Men,2025-05-18T09:56:22.380761
T-shirt 20,1325600.0,3.4,3,XXL,Women,2025-05-18T09:56:22.380761
T-shirt 2,1634400.0,3.9,3,M,Women,2025-05-18T09:56:22.471523
Hoodie 3,7950080.0,4.8,3,L,Unisex,2025-05-18T09:56:22.471523
Pants 4,7476960.0,3.3,3,XL,Men,2025-05-18T09:56:22.471523
Outerwear 5,5145440.0,3.5,3,XXL,Women,2025-05-18T09:56:22.471523
Jacket 6,2453920.0,3.3,3,S,Unisex,2025-05-18T09:56:22.471523
Crewneck 7,6892000.0,4.3,3,M,Men,2025-05-18T09:56:22.471523
T-shirt 8,7802560.0,3.1,3,L,Women,2025-05-18T09:56:22.471523
Hoodie 9,3972160.0,3.2,3,XL,Unisex,2025-05-18T09:56:22.471523
Pants 10,3100160.0,4.2,3,XXL,Men,2025-05-18T09:56:22.471523
Jacket 12,8527840.0,3.9,3,M,Unisex,2025-05-18T09:56:22.471523
Crewneck 13,5447200.0,3.2,3,L,Men,2025-05-18T09:56:22.471523
T-shirt 14,3248800.0,3.8,3,XL,Women,2025-05-18T09:56:22.471523
Hoodie 15,2184160.0,3.6,3,XXL,Unisex,2025-05-18T09:56:22.471523
Outerwear 17,841600.0,3.8,3,M,Women,2025-05-18T09:56:22.471523
Jacket 18,5500000.0,3.8,3,L,Unisex,2025-05-18T09:56:22.471523
Crewneck 19,1308960.0,3.6,3,XL,Men,2025-05-18T09:56:22.471523
T-shirt 20,1325600.0,3.4,3,XXL,Women,2025-05-18T09:56:22.471523
T-shirt 2,1634400.0,3.9,3,M,Women,2025-05-18T09:56:22.586575
Hoodie 3,7950080.0,4.8,3,L,Unisex,2025-05-18T09:56:22.586575
Pants 4,7476960.0,3.3,3,XL,Men,2025-05-18T09:56:22.586575
Outerwear 5,5145440.0,3.5,3,XXL,Women,2025-05-18T09:56:22.586575
Jacket 6,2453920.0,3.3,3,S,Unisex,2025-05-18T09:56:22.586575
Crewneck 7,6892000.0,4.3,3,M,Men,2025-05-18T09:56:22.586575
T-shirt 8,7802560.0,3.1,3,L,Women,2025-05-18T09:56:22.586575
Hoodie 9,3972160.0,3.2,3,XL,Unisex,2025-05-18T09:56:22.586575
Pants 10,3100160.0,4.2,3,XXL,Men,2025-05-18T09:56:22.586575
Jacket 12,8527840.0,3.9,3,M,Unisex,2025-05-18T09:56:22.586575
Crewneck 13,5447200.0,3.2,3,L,Men,2025-05-18T09:56:22.586575
T-shirt 14,3248800.0,3.8,3,XL,Women,2025-05-18T09:56:22.586575
Hoodie 15,2184160.0,3.6,3,XXL,Unisex,2025-05-18T09:56:22.586575
Outerwear 17,841600.0,3.8,3,M,Women,2025-05-18T09:56:22.586575
Jacket 18,5500000.0,3.8,3,L,Unisex,2025-05-18T09:56:22.586575
Crewneck 19,1308960.0,3.6,3,XL,Men,2025-05-18T09:56:22.586575
T-shirt 20,1325600.0,3.4,3,XXL,Women,2025-05-18T09:56:22.586575
T-shirt 2,1634400.0,3.9,3,M,Women,2025-05-18T09:56:22.725709
Hoodie 3,7950080.0,4.8,3,L,Unisex,2025-05-18T09:56:22.725709
Pants 4,7476960.0,3.3,3,XL,Men,2025-05-18T09:56:22.725709
Outerwear 5,5145440.0,3.5,3,XXL,Women,2025-05-18T09:56:22.725709
Jacket 6,2453920.0,3.3,3,S,Unisex,2025-05-18T09:56:22.725709
Crewneck 7,6892000.0,4.3,3,M,Men,2025-05-18T09:56:22.725709
T-shirt 8,7802560.0,3.1,3,L,Women,2025-05-18T09:56:22.725709
Hoodie 9,3972160.0,3.2,3,XL,Unisex,2025-05-18T09:56:22.725709
Pants 10,3100160.0,4.2,3,XXL,Men,2025-05-18T09:56:22.725709
Jacket 12,8527840.0,3.9,3,M,Unisex,2025-05-18T09:56:22.725709
Crewneck 13,5447200.0,3.2,3,L,Men,2025-05-18T09:56:22.725709
T-shirt 14,3248800.0,3.8,3,XL,Women,2025-05-18T09:56:22.725709
Hoodie 15,2184160.0,3.6,3,XXL,Unisex,2025-05-18T09:56:22.725709
Outerwear 17,841600.0,3.8,3,M,Women,2025-05-18T09:56:22.725709
Jacket 18,5500000.0,3.8,3,L,Unisex,2025-05-18T09:56:22.725709
Crewneck 19,1308960.0,3.6,3,XL,Men,2025-05-18T09:56:22.725709
T-shirt 20,1325600.0,3.4,3,XXL,Women,2025-05-18T09:56:22.725709
T-shirt 2,1634400.0,3.9,3,M,Women,2025-05-18T09:56:22.861305
Hoodie 3,7950080.0,4.8,3,L,Unisex,2025-05-18T09:56:22.861305
Pants 4,7476960.0,3.3,3,XL,Men,2025-05-18T09:56:22.861305
Outerwear 5,5145440.0,3.5,3,XXL,Women,2025-05-18T09:56:22.861305
Jacket 6,2453920.0,3.3,3,S,Unisex,2025-05-18T09:56:22.861305
Crewneck 7,6892000.0,4.3,3,M,Men,2025-05-18T09:56:22.861305
T-shirt 8,7802560.0,3.1,3,L,Women,2025-05-18T09:56:22.861305
Hoodie 9,3972160.0,3.2,3,XL,Unisex,2025-05-18T09:56:22.861305
Pants 10,3100160.0,4.2,3,XXL,Men,2025-05-18T09:56:22.861305
Jacket 12,8527840.0,3.9,3,M,Unisex,2025-05-18T09:56:22.861305
Crewneck 13,5447200.0,3.2,3,L,Men,2025-05-18T09:56:22.861305
T-shirt 14,3248800.0,3.8,3,XL,Women,2025-05-18T09:56:22.861305
Hoodie 15,2184160.0,3.6,3,XXL,Unisex,2025-05-18T09:56:22.861305
Outerwear 17,841600.0,3.8,3,M,Women,2025-05-18T09:56:22.861305
Jacket 18,5500000.0,3.8,3,L,Unisex,2025-05-18T09:56:22.861305
Crewneck 19,1308960.0,3.6,3,XL,Men,2025-05-18T09:56:22.861305
T-shirt 20,1325600.0,3.4,3,XXL,Women,2025-05-18T09:56:22.861305
T-shirt 2,1634400.0,3.9,3,M,Women,2025-05-18T09:56:22.965540
Hoodie 3,7950080.0,4.8,3,L,Unisex,2025-05-18T09:56:22.965540
Pants 4,7476960.0,3.3,3,XL,Men,2025-05-18T09:56:22.965540
Outerwear 5,5145440.0,3.5,3,XXL,Women,2025-05-18T09:56:22.965540
Jacket 6,2453920.0,3.3,3,S,Unisex,2025-05-18T09:56:22.965540
Crewneck 7,6892000.0,4.3,3,M,Men,2025-05-18T09:56:22.965540
T-shirt 8,7802560.0,3.1,3,L,Women,2025-05-18T09:56:22.965540
Hoodie 9,3972160.0,3.2,3,XL,Unisex,2025-05-18T09:56:22.965540
Pants 10,3100160.0,4.2,3,XXL,Men,2025-05-18T09:56:22.965540
Jacket 12,8527840.0,3.9,3,M,Unisex,2025-05-18T09:56:22.965540
Crewneck 13,5447200.0,3.2,3,L,Men,2025-05-18T09:56:22.965540
T-shirt 14,3248800.0,3.8,3,XL,Women,2025-05-18T09:56:22.965540
Hoodie 15,2184160.0,3.6,3,XXL,Unisex,2025-05-18T09:56:22.965540
Outerwear 17,841600.0,3.8,3,M,Women,2025-05-18T09:56:22.965540
Jacket 18,5500000.0,3.8,3,L,Unisex,2025-05-18T09:56:22.965540
Crewneck 19,1308960.0,3.6,3,XL,Men,2025-05-18T09:56:22.965540
T-shirt 20,1325600.0,3.4,3,XXL,Women,2025-05-18T09:56:22.965540
T-shirt 2,1634400.0,3.9,3,M,Women,2025-05-18T09:56:23.064671
Hoodie 3,7950080.0,4.8,3,L,Unisex,2025-05-18T09:56:23.064671
Pants 4,7476960.0,3.3,3,XL,Men,2025-05-18T09:56:23.064671
Outerwear 5,5145440.0,3.5,3,XXL,Women,2025-05-18T09:56:23.064671
Jacket 6,2453920.0,3.3,3,S,Unisex,2025-05-18T09:56:23.064671
Crewneck 7,6892000.0,4.3,3,M,Men,2025-05-18T09:56:23.064671
T-shirt 8,7802560.0,3.1,3,L,Women,2025-05-18T09:56:23.064671
Hoodie 9,3972160.0,3.2,3,XL,Unisex,2025-05-18T09:56:23.064671
Pants 10,3100160.0,4.2,3,XXL,Men,2025-05-18T09:56:23.064671
Jacket 12,8527840.0,3.9,3,M,Unisex,2025-05-18T09:56:23.064671
Crewneck 13,5447200.0,3.2,3,L,Men,2025-05-18T09:56:23.064671
T-shirt 14,3248800.0,3.8,3,XL,Women,2025-05-18T09:56:23.064671
Hoodie 15,2184160.0,3.6,3,XXL,Unisex,2025-05-18T09:56:23.064671
Outerwear 17,841600.0,3.8,3,M,Women,2025-05-18T09:56:23.064671
Jacket 18,5500000.0,3.8,3,L,Unisex,2025-05-18T09:56:23.064671
Crewneck 19,1308960.0,3.6,3,XL,Men,2025-05-18T09:56:23.064671
T-shirt 20,1325600.0,3.4,3,XXL,Women,2025-05-18T09:56:23.064671
T-shirt 2,1634400.0,3.9,3,M,Women,2025-05-18T09:56:23.160738
Hoodie 3,7950080.0,4.8,3,L,Unisex,2025-05-18T09:56:23.160738
Pants 4,7476960.0,3.3,3,XL,Men,2025-05-18T09:56:23.160738
Outerwear 5,5145440.0,3.5,3,XXL,Women,2025-05-18T09:56:23.160738
Jacket 6,2453920.0,3.3,3,S,Unisex,2025-05-18T09:56:23.160738
Crewneck 7,6892000.0,4.3,3,M,Men,2025-05-18T09:56:23.160738
T-shirt 8,7802560.0,3.1,3,L,Women,2025-05-18T09:56:23.160738
Hoodie 9,3972160.0,3.2,3,XL,Unisex,2025-05-18T09:56:23.160738
Pants 10,3100160.0,4.2,3,XXL,Men,2025-05-18T09:56:23.160738
Jacket 12,8527840.0,3.9,3,M,Unisex,2025-05-18T09:56:23.160738
Crewneck 13,5447200.0,3.2,3,L,Men,2025-05-18T09:56:23.160738
T-shirt 14,3248800.0,3.8,3,XL,Women,2025-05-18T09:56:23.160738
Hoodie 15,2184160.0,3.6,3,XXL,Unisex,2025-05-18T09:56:23.160738
Outerwear 17,841600.0,3.8,3,M,Women,2025-05-18T09:56:23.160738
Jacket 18,5500000.0,3.8,3,L,Unisex,2025-05-18T09:56:23.160738
Crewneck 19,1308960.0,3.6,3,XL,Men,2025-05-18T09:56:23.160738
T-shirt 20,1325600.0,3.4,3,XXL,Women,2025-05-18T09:56:23.160738
T-shirt 2,1634400.0,3.9,3,M,Women,2025-05-18T09:56:23.258583
Hoodie 3,7950080.0,4.8,3,L,Unisex,2025-05-18T09:56:23.258583
Pants 4,7476960.0,3.3,3,XL,Men,2025-05-18T09:56:23.258583
Outerwear 5,5145440.0,3.5,3,XXL,Women,2025-05-18T09:56:23.258583
Jacket 6,2453920.0,3.3,3,S,Unisex,2025-05-18T09:56:23.258583
Crewneck 7,6892000.0,4.3,3,M,Men,2025-05-18T09:56:23.258583
T-shirt 8,7802560.0,3.1,3,L,Women,2025-05-18T09:56:23.258583
Hoodie 9,3972160.0,3.2,3,XL,Unisex,2025-05-18T09:56:23.258583
Pants 10,3100160.0,4.2,3,XXL,Men,2025-05-18T09:56:23.258583
Jacket 12,8527840.0,3.9,3,M,Unisex,2025-05-18T09:56:23.258583
Crewneck 13,5447200.0,3.2,3,L,Men,2025-05-18T09:56:23.258583
T-shirt 14,3248800.0,3.8,3,XL,Women,2025-05-18T09:56:23.258583
Hoodie 15,2184160.0,3.6,3,XXL,Unisex,2025-05-18T09:56:23.258583
Outerwear 17,841600.0,3.8,3,M,Women,2025-05-18T09:56:23.258583
Jacket 18,5500000.0,3.8,3,L,Unisex,2025-05-18T09:56:23.258583
Crewneck 19,1308960.0,3.6,3,XL,Men,2025-05-18T09:56:23.258583
T-shirt 20,1325600.0,3.4,3,XXL,Women,2025-05-18T09:56:23.258583
T-shirt 2,1634400.0,3.9,3,M,Women,2025-05-18T09:56:23.367459
Hoodie 3,7950080.0,4.8,3,L,Unisex,2025-05-18T09:56:23.367459
Pants 4,7476960.0,3.3,3,XL,Men,2025-05-18T09:56:23.367459
Outerwear 5,5145440.0,3.5,3,XXL,Women,2025-05-18T09:56:23.367459
Jacket 6,2453920.0,3.3,3,S,Unisex,2025-05-18T09:56:23.367459
Crewneck 7,6892000.0,4.3,3,M,Men,2025-05-18T09:56:23.367459
T-shirt 8,7802560.0,3.1,3,L,Women,2025-05-18T09:56:23.367459
Hoodie 9,3972160.0,3.2,3,XL,Unisex,2025-05-18T09:56:23.367459
Pants 10,3100160.0,4.2,3,XXL,Men,2025-05-18T09:56:23.367459
Jacket 12,8527840.0,3.9,3,M,Unisex,2025-05-18T09:56:23.367459
Crewneck 13,5447200.0,3.2,3,L,Men,2025-05-18T09:56:23.367459
T-shirt 14,3248800.0,3.8,3,XL,Women,2025-05-18T09:56:23.367459
Hoodie 15,2184160.0,3.6,3,XXL,Unisex,2025-05-18T09:56:23.367459
Outerwear 17,841600.0,3.8,3,M,Women,2025-05-18T09:56:23.367459
Jacket 18,5500000.0,3.8,3,L,Unisex,2025-05-18T09:56:23.367459
Crewneck 19,1308960.0,3.6,3,XL,Men,2025-05-18T09:56:23.367459
T-shirt 20,1325600.0,3.4,3,XXL,Women,2025-05-18T09:56:23.367459
T-shirt 2,1634400.0,3.9,3,M,Women,2025-05-18T09:56:23.467447
Hoodie 3,7950080.0,4.8,3,L,Unisex,2025-05-18T09:56:23.467447
Pants 4,7476960.0,3.3,3,XL,Men,2025-05-18T09:56:23.467447
Outerwear 5,5145440.0,3.5,3,XXL,Women,2025-05-18T09:56:23.467447
Jacket 6,2453920.0,3.3,3,S,Unisex,2025-05-18T09:56:23.467447
Crewneck 7,6892000.0,4.3,3,M,Men,2025-05-18T09:56:23.467447
T-shirt 8,7802560.0,3.1,3,L,Women,2025-05-18T09:56:23.467447
Hoodie 9,3972160.0,3.2,3,XL,Unisex,2025-05-18T09:56:23.467447
Pants 10,3100160.0,4.2,3,XXL,Men,2025-05-18T09:56:23.467447
Jacket 12,8527840.0,3.9,3,M,Unisex,2025-05-18T09:56:23.467447
Crewneck 13,5447200.0,3.2,3,L,Men,2025-05-18T09:56:23.467447
T-shirt 14,3248800.0,3.8,3,XL,Women,2025-05-18T09:56:23.467447
Hoodie 15,2184160.0,3.6,3,XXL,Unisex,2025-05-18T09:56:23.467447
Outerwear 17,841600.0,3.8,3,M,Women,2025-05-18T09:56:23.467447
Jacket 18,5500000.0,3.8,3,L,Unisex,2025-05-18T09:56:23.467447
Crewneck 19,1308960.0,3.6,3,XL,Men,2025-05-18T09:56:23.467447
T-shirt 20,1325600.0,3.4,3,XXL,Women,2025-05-18T09:56:23.467447
T-shirt 2,1634400.0,3.9,3,M,Women,2025-05-18T09:56:23.581137
Hoodie 3,7950080.0,4.8,3,L,Unisex,2025-05-18T09:56:23.581137
Pants 4,7476960.0,3.3,3,XL,Men,2025-05-18T09:56:23.581137
Outerwear 5,5145440.0,3.5,3,XXL,Women,2025-05-18T09:56:23.581137
Jacket 6,2453920.0,3.3,3,S,Unisex,2025-05-18T09:56:23.581137
Crewneck 7,6892000.0,4.3,3,M,Men,2025-05-18T09:56:23.581137
T-shirt 8,7802560.0,3.1,3,L,Women,2025-05-18T09:56:23.581137
Hoodie 9,3972160.0,3.2,3,XL,Unisex,2025-05-18T09:56:23.581137
Pants 10,3100160.0,4.2,3,XXL,Men,2025-05-18T09:56:23.581137
Jacket 12,8527840.0,3.9,3,M,Unisex,2025-05-18T09:56:23.581137
Crewneck 13,5447200.0,3.2,3,L,Men,2025-05-18T09:56:23.581137
T-shirt 14,3248800.0,3.8,3,XL,Women,2025-05-18T09:56:23.581137
Hoodie 15,2184160.0,3.6,3,XXL,Unisex,2025-05-18T09:56:23.581137
Outerwear 17,841600.0,3.8,3,M,Women,2025-05-18T09:56:23.581137
Jacket 18,5500000.0,3.8,3,L,Unisex,2025-05-18T09:56:23.581137
Crewneck 19,1308960.0,3.6,3,XL,Men,2025-05-18T09:56:23.581137
T-shirt 20,1325600.0,3.4,3,XXL,Women,2025-05-18T09:56:23.581137
T-shirt 2,1634400.0,3.9,3,M,Women,2025-05-18T09:56:23.688009
Hoodie 3,7950080.0,4.8,3,L,Unisex,2025-05-18T09:56:23.688009
Pants 4,7476960.0,3.3,3,XL,Men,2025-05-18T09:56:23.688009
Outerwear 5,5145440.0,3.5,3,XXL,Women,2025-05-18T09:56:23.688009
Jacket 6,2453920.0,3.3,3,S,Unisex,2025-05-18T09:56:23.688009
Crewneck 7,6892000.0,4.3,3,M,Men,2025-05-18T09:56:23.688009
T-shirt 8,7802560.0,3.1,3,L,Women,2025-05-18T09:56:23.688009
Hoodie 9,3972160.0,3.2,3,XL,Unisex,2025-05-18T09:56:23.688009
Pants 10,3100160.0,4.2,3,XXL,Men,2025-05-18T09:56:23.688009
Jacket 12,8527840.0,3.9,3,M,Unisex,2025-05-18T09:56:23.688009
Crewneck 13,5447200.0,3.2,3,L,Men,2025-05-18T09:56:23.688009
T-shirt 14,3248800.0,3.8,3,XL,Women,2025-05-18T09:56:23.688009
Hoodie 15,2184160.0,3.6,3,XXL,Unisex,2025-05-18T09:56:23.688009
Outerwear 17,841600.0,3.8,3,M,Women,2025-05-18T09:56:23.688009
Jacket 18,5500000.0,3.8,3,L,Unisex,2025-05-18T09:56:23.688009
Crewneck 19,1308960.0,3.6,3,XL,Men,2025-05-18T09:56:23.688009
T-shirt 20,1325600.0,3.4,3,XXL,Women,2025-05-18T09:56:23.688009
